Complexity,Loss,Equation
1,348.23242,"10.98548"
3,0.5886567,"x0 / 0.10060615"
5,0.15587655,"(x0 - -0.07719772) / 0.10239264"
7,0.15587062,"((x0 - -0.07719772) / 0.10239264) - -0.00328708"
9,0.06764191,"((x0 / 0.10807943) + (1.3883203 ^ x0)) - 0.38723975"
11,0.056724664,"((x0 / 0.101081595) + (-0.5781305 / (x0 + 1.0005412))) + 0.70690596"
13,0.056700677,"((x0 / 0.101081595) + (-0.5781305 / (x0 + (0.99808836 ^ x0)))) + 0.70690596"
15,0.056535095,"((x0 / 0.15675828) + (x0 / 0.28424576)) + ((-0.5847696 / (x0 + 1.0417413)) - -0.6732981)"
17,0.056469545,"((x0 / 0.28424576) + ((-0.5847696 / (x0 + 1.0363804)) - -0.6732981)) + ((x0 / 0.15675828) + 0.010731163)"
